id_docente,id_materia,id_espacio,id_tiempo,nrc,clave,secc,duracion_min
1,1,1,1,25966,IDDS 001,101,119
1,1,1,2,25966,IDDS 001,101,119
2,1,2,3,25978,IDDS 001,102,119
2,1,2,4,25978,IDDS 001,102,119
2,1,3,5,26005,IDDS 001,103,119
2,1,3,6,26005,IDDS 001,103,119
2,1,4,7,26030,IDDS 001,104,119
2,1,4,8,26030,IDDS 001,104,119
3,1,5,9,26065,IDDS 001,105,119
3,1,5,10,26065,IDDS 001,105,119
4,1,2,11,26082,IDDS 001,106,119
4,1,2,12,26082,IDDS 001,106,119
5,1,6,13,26104,IDDS 001,108,119
5,1,6,14,26104,IDDS 001,108,119
6,1,7,15,26119,IDDS 001,109,119
6,1,7,16,26119,IDDS 001,109,119
7,1,8,17,26125,IDDS 001,110,119
7,1,8,18,26125,IDDS 001,110,119
5,2,9,19,25094,ICCS 261,OO1,59
5,2,9,9,25094,ICCS 261,OO1,119
5,2,10,10,25094,ICCS 261,OO1,119
8,2,10,20,25117,ICCS 261,OO2,59
8,2,10,21,25117,ICCS 261,OO2,119
8,2,11,22,25117,ICCS 261,OO2,119
9,2,9,15,25138,ICCS 261,OO3,119
9,2,10,16,25138,ICCS 261,OO3,119
9,2,9,23,25138,ICCS 261,OO3,59
5,2,12,15,25165,ICCS 261,OO4,119
5,2,13,16,25165,ICCS 261,OO4,119
5,2,13,23,25165,ICCS 261,OO4,59
10,3,14,3,42753,ISCO 201,O1O,119
10,3,15,4,42753,ISCO 201,O1O,119
10,3,15,24,42753,ISCO 201,O1O,59
11,3,5,25,26508,ISCO 201,OO1,59
11,3,5,13,26508,ISCO 201,OO1,119
11,3,5,14,26508,ISCO 201,OO1,119
12,3,16,3,26535,ISCO 201,OO2,119
12,3,16,4,26535,ISCO 201,OO2,119
12,3,16,24,26535,ISCO 201,OO2,59
13,3,16,15,26540,ISCO 201,OO3,119
13,3,16,16,26540,ISCO 201,OO3,119
13,3,16,23,26540,ISCO 201,OO3,59
14,3,16,26,26546,ISCO 201,OO4,119
14,3,16,27,26546,ISCO 201,OO4,119
14,3,16,28,26546,ISCO 201,OO4,59
15,3,17,26,26553,ISCO 201,OO5,119
15,3,8,27,26553,ISCO 201,OO5,119
15,3,8,28,26553,ISCO 201,OO5,59
16,3,9,1,26558,ISCO 201,OO6,119
16,3,9,2,26558,ISCO 201,OO6,119
16,3,9,29,26558,ISCO 201,OO6,59
17,3,18,20,26565,ISCO 201,OO7,59
17,3,18,21,26565,ISCO 201,OO7,119
17,3,18,22,26565,ISCO 201,OO7,119
18,3,19,1,26570,ISCO 201,OO8,119
18,3,20,2,26570,ISCO 201,OO8,119
18,3,19,29,26570,ISCO 201,OO8,59
19,3,21,7,26574,ISCO 201,OO9,119
19,3,21,8,26574,ISCO 201,OO9,119
19,3,21,30,26574,ISCO 201,OO9,59
20,4,22,3,25104,CCOS 609,OO1,119
20,4,3,4,25104,CCOS 609,OO1,119
20,4,22,24,25104,CCOS 609,OO1,59
21,4,17,19,25114,CCOS 609,OO2,59
21,4,19,9,25114,CCOS 609,OO2,119
21,4,17,10,25114,CCOS 609,OO2,119
22,4,23,31,25126,CCOS 609,OO3,119
22,4,5,32,25126,CCOS 609,OO3,119
22,4,23,33,25126,CCOS 609,OO3,59
23,5,1,26,25245,CCOS 701,OO1,119
23,5,22,27,25245,CCOS 701,OO1,119
23,5,22,28,25245,CCOS 701,OO1,59
23,6,24,25,25182,CCOS 700,OO1,59
23,6,24,13,25182,CCOS 700,OO1,119
23,6,24,14,25182,CCOS 700,OO1,119
24,6,11,26,25223,CCOS 700,OO2,119
24,6,17,27,25223,CCOS 700,OO2,119
24,6,17,28,25223,CCOS 700,OO2,59
15,6,25,34,25236,CCOS 700,OO3,59
15,6,25,5,25236,CCOS 700,OO3,119
15,6,5,6,25236,CCOS 700,OO3,119
25,7,26,19,26288,ISCC 201,OO1,59
25,7,26,9,26288,ISCC 201,OO1,119
25,7,27,10,26288,ISCC 201,OO1,119
26,7,16,7,26304,ISCC 201,OO2,119
26,7,27,8,26304,ISCC 201,OO2,119
26,7,16,30,26304,ISCC 201,OO2,59
27,7,9,25,26319,ISCC 201,OO3,59
27,7,9,13,26319,ISCC 201,OO3,119
27,7,27,14,26319,ISCC 201,OO3,119
26,7,28,15,26348,ISCC 201,OO4,119
26,7,29,16,26348,ISCC 201,OO4,119
26,7,28,23,26348,ISCC 201,OO4,59
9,7,11,20,26359,ISCC 201,OO5,59
9,7,11,21,26359,ISCC 201,OO5,119
9,7,22,22,26359,ISCC 201,OO5,119
28,7,30,15,26401,ISCC 201,OO6,119
28,7,28,16,26401,ISCC 201,OO6,119
28,7,27,23,26401,ISCC 201,OO6,59
29,8,1,20,25841,ICCS 256,OO1,59
29,8,15,21,25841,ICCS 256,OO1,119
29,8,1,22,25841,ICCS 256,OO1,119
30,8,31,25,25848,ICCS 256,OO2,59
30,8,31,13,25848,ICCS 256,OO2,119
30,8,15,14,25848,ICCS 256,OO2,119
31,8,23,7,25853,ICCS 256,OO3,119
31,8,5,8,25853,ICCS 256,OO3,119
31,8,5,30,25853,ICCS 256,OO3,59
32,8,16,35,25858,ICCS 256,OO4,59
32,8,31,17,25858,ICCS 256,OO4,119
32,8,16,18,25858,ICCS 256,OO4,119
33,8,5,36,25864,ICCS 256,OO5,59
33,8,5,11,25864,ICCS 256,OO5,119
33,8,31,12,25864,ICCS 256,OO5,119
4,8,23,26,25867,ICCS 256,OO6,119
4,8,32,27,25867,ICCS 256,OO6,119
4,8,31,28,25867,ICCS 256,OO6,59
34,9,26,35,25524,ICCS 007,OO1,59
34,9,27,17,25524,ICCS 007,OO1,119
34,9,26,18,25524,ICCS 007,OO1,119
35,9,26,25,25527,ICCS 007,OO2,59
35,9,27,13,25527,ICCS 007,OO2,119
35,9,26,14,25527,ICCS 007,OO2,119
1,9,27,3,25531,ICCS 007,OO4,119
1,9,4,4,25531,ICCS 007,OO4,119
1,9,27,24,25531,ICCS 007,OO4,59
26,9,29,34,25535,ICCS 007,OO5,59
26,9,27,5,25535,ICCS 007,OO5,119
26,9,29,6,25535,ICCS 007,OO5,119
36,9,4,31,25543,ICCS 007,OO6,119
36,9,27,32,25543,ICCS 007,OO6,119
36,9,4,33,25543,ICCS 007,OO6,59
28,9,33,37,25546,ICCS 007,OO7,59
28,9,33,38,25546,ICCS 007,OO7,119
28,9,5,39,25546,ICCS 007,OO7,119
27,10,27,26,25552,ICCS 250,OO1,119
27,10,5,27,25552,ICCS 250,OO1,119
27,10,5,28,25552,ICCS 250,OO1,59
36,10,4,36,25558,ICCS 250,OO2,59
36,10,27,11,25558,ICCS 250,OO2,119
36,10,4,12,25558,ICCS 250,OO2,119
1,10,28,25,25564,ICCS 250,OO3,59
1,10,28,13,25564,ICCS 250,OO3,119
1,10,28,14,25564,ICCS 250,OO3,119
37,10,28,19,25567,ICCS 250,OO4,59
37,10,28,9,25567,ICCS 250,OO4,119
37,10,28,10,25567,ICCS 250,OO4,119
38,10,28,7,25570,ICCS 250,OO5,119
38,10,28,8,25570,ICCS 250,OO5,119
38,10,28,30,25570,ICCS 250,OO5,59
27,10,26,3,25574,ICCS 250,OO6,119
27,10,28,4,25574,ICCS 250,OO6,119
27,10,2,24,25574,ICCS 250,OO6,59
16,11,34,35,26068,ICCS 258,OO1,59
16,11,34,17,26068,ICCS 258,OO1,119
16,11,20,18,26068,ICCS 258,OO1,119
39,11,18,34,26074,ICCS 258,OO2,59
39,11,35,5,26074,ICCS 258,OO2,119
39,11,18,6,26074,ICCS 258,OO2,119
39,11,3,31,26076,ICCS 258,OO3,119
39,11,35,32,26076,ICCS 258,OO3,119
39,11,35,33,26076,ICCS 258,OO3,59
24,11,15,25,26083,ICCS 258,OO4,59
24,11,15,13,26083,ICCS 258,OO4,119
24,11,20,14,26083,ICCS 258,OO4,119
16,11,32,3,26087,ICCS 258,OO5,119
16,11,14,4,26087,ICCS 258,OO5,119
16,11,14,24,26087,ICCS 258,OO5,59
40,11,5,19,26093,ICCS 258,OO6,59
40,11,17,9,26093,ICCS 258,OO6,119
40,11,19,10,26093,ICCS 258,OO6,119
25,12,16,1,25669,ICCS 253,OO1,119
25,12,27,2,25669,ICCS 253,OO1,119
25,12,16,29,25669,ICCS 253,OO1,59
38,12,27,31,25680,ICCS 253,OO2,119
38,12,3,32,25680,ICCS 253,OO2,119
38,12,3,33,25680,ICCS 253,OO2,59
41,12,1,3,25743,ICCS 253,OO3,119
41,12,27,4,25743,ICCS 253,OO3,119
41,12,1,24,25743,ICCS 253,OO3,59
37,12,1,15,25748,ICCS 253,OO4,119
37,12,27,16,25748,ICCS 253,OO4,119
37,12,1,23,25748,ICCS 253,OO4,59
41,12,3,20,25752,ICCS 253,OO5,59
41,12,3,21,25752,ICCS 253,OO5,119
41,12,27,22,25752,ICCS 253,OO5,119
35,12,18,26,25755,ICCS 253,OO6,119
35,12,33,27,25755,ICCS 253,OO6,119
35,12,18,28,25755,ICCS 253,OO6,59
24,13,23,19,26206,ISCC 200,OO1,59
24,13,23,9,26206,ISCC 200,OO1,119
24,13,25,10,26206,ISCC 200,OO1,119
42,13,34,20,26214,ISCC 200,OO2,59
42,13,34,21,26214,ISCC 200,OO2,119
42,13,36,22,26214,ISCC 200,OO2,119
24,13,30,36,26227,ISCC 200,OO3,59
24,13,11,11,26227,ISCC 200,OO3,119
24,13,20,12,26227,ISCC 200,OO3,119
10,13,25,31,26248,ISCC 200,OO4,119
10,13,21,32,26248,ISCC 200,OO4,119
10,13,21,33,26248,ISCC 200,OO4,59
16,13,6,25,26267,ISCC 200,OO5,59
16,13,35,13,26267,ISCC 200,OO5,119
16,13,19,14,26267,ISCC 200,OO5,119
43,14,30,1,25497,ICCS 006,OO2,119
43,14,30,2,25497,ICCS 006,OO2,119
43,14,30,29,25497,ICCS 006,OO2,59
44,14,26,20,25503,ICCS 006,OO4,59
44,14,26,21,25503,ICCS 006,OO4,119
44,14,26,22,25503,ICCS 006,OO4,119
45,14,2,26,25513,ICCS 006,OO5,119
45,14,2,27,25513,ICCS 006,OO5,119
45,14,2,28,25513,ICCS 006,OO5,59
43,14,21,25,25520,ICCS 006,OO7,59
43,14,21,13,25520,ICCS 006,OO7,119
43,14,8,14,25520,ICCS 006,OO7,119
46,15,36,19,25627,CCOS 013,O11,59
46,15,36,9,25627,CCOS 013,O11,119
46,15,37,10,25627,CCOS 013,O11,119
3,15,5,35,25561,CCOS 013,OO2,59
3,15,5,17,25561,CCOS 013,OO2,119
3,15,35,18,25561,CCOS 013,OO2,119
47,15,3,3,25565,CCOS 013,OO3,119
47,15,23,4,25565,CCOS 013,OO3,119
47,15,3,24,25565,CCOS 013,OO3,59
48,15,5,15,25588,CCOS 013,OO5,119
48,15,23,16,25588,CCOS 013,OO5,119
48,15,5,23,25588,CCOS 013,OO5,59
19,15,29,36,25600,CCOS 013,OO7,59
19,15,29,11,25600,CCOS 013,OO7,119
19,15,23,12,25600,CCOS 013,OO7,119
15,15,35,3,25604,CCOS 013,OO8,119
15,15,34,4,25604,CCOS 013,OO8,119
15,15,8,24,25604,CCOS 013,OO8,59
19,16,24,31,26226,CCOS 261,O1O,119
19,16,29,32,26226,CCOS 261,O1O,119
19,16,24,33,26226,CCOS 261,O1O,59
48,16,4,20,26137,CCOS 261,OO2,59
48,16,20,21,26137,CCOS 261,OO2,119
48,16,4,22,26137,CCOS 261,OO2,119
49,16,4,26,26142,CCOS 261,OO3,119
49,16,15,27,26142,CCOS 261,OO3,119
49,16,4,28,26142,CCOS 261,OO3,59
48,16,30,31,26159,CCOS 261,OO4,119
48,16,15,32,26159,CCOS 261,OO4,119
48,16,30,33,26159,CCOS 261,OO4,59
13,16,15,36,26183,CCOS 261,OO6,59
13,16,15,11,26183,CCOS 261,OO6,119
13,16,7,12,26183,CCOS 261,OO6,119
50,16,23,34,26199,CCOS 261,OO7,59
50,16,23,5,26199,CCOS 261,OO7,119
50,16,6,6,26199,CCOS 261,OO7,119
51,17,5,1,26492,ISCO 200,OO1,119
51,17,5,2,26492,ISCO 200,OO1,119
51,17,5,29,26492,ISCO 200,OO1,59
52,17,5,3,26497,ISCO 200,OO2,119
52,17,5,4,26497,ISCO 200,OO2,119
52,17,5,24,26497,ISCO 200,OO2,59
53,17,2,20,26502,ISCO 200,OO3,59
53,17,2,21,26502,ISCO 200,OO3,119
53,17,2,22,26502,ISCO 200,OO3,119
31,17,2,31,26511,ISCO 200,OO4,119
31,17,2,32,26511,ISCO 200,OO4,119
31,17,2,33,26511,ISCO 200,OO4,59
54,17,5,20,26516,ISCO 200,OO5,59
54,17,9,21,26516,ISCO 200,OO5,119
54,17,24,22,26516,ISCO 200,OO5,119
31,17,38,40,26522,ISCO 200,OO6,119
31,17,38,41,26522,ISCO 200,OO6,119
31,17,38,42,26522,ISCO 200,OO6,59
52,17,11,25,26527,ISCO 200,OO7,59
52,17,11,13,26527,ISCO 200,OO7,119
52,17,11,14,26527,ISCO 200,OO7,119
55,18,26,31,26337,CCOS 601,OO1,119
55,18,24,32,26337,CCOS 601,OO1,119
55,18,20,33,26337,CCOS 601,OO1,59
20,19,18,25,26377,CCOS 607,OO1,59
20,19,22,13,26377,CCOS 607,OO1,119
20,19,1,14,26377,CCOS 607,OO1,119
56,19,9,26,26384,CCOS 607,OO2,119
56,19,23,27,26384,CCOS 607,OO2,119
56,19,9,28,26384,CCOS 607,OO2,59
13,19,24,34,25054,CCOS 607,OO3,59
13,19,18,5,25054,CCOS 607,OO3,119
13,19,24,6,25054,CCOS 607,OO3,119
35,20,11,19,25181,ICCS 262,OO1,59
35,20,11,9,25181,ICCS 262,OO1,119
35,20,39,10,25181,ICCS 262,OO1,119
8,20,7,36,25193,ICCS 262,OO2,59
8,20,7,11,25193,ICCS 262,OO2,119
8,20,10,12,25193,ICCS 262,OO2,119
5,20,13,31,25202,ICCS 262,OO3,119
5,20,34,32,25202,ICCS 262,OO3,119
5,20,7,33,25202,ICCS 262,OO3,59
57,20,10,37,25211,ICCS 262,OO4,59
57,20,10,38,25211,ICCS 262,OO4,119
57,20,10,39,25211,ICCS 262,OO4,119
58,20,8,37,25225,ICCS 262,OO5,59
58,20,8,38,25225,ICCS 262,OO5,119
58,20,8,39,25225,ICCS 262,OO5,119
59,21,6,26,25251,ICCS 602,OO1,119
59,21,40,27,25251,ICCS 602,OO1,119
59,21,19,28,25251,ICCS 602,OO1,59
17,22,38,37,42764,ICCS 608,OO1,59
17,22,38,38,42764,ICCS 608,OO1,119
17,22,38,39,42764,ICCS 608,OO1,119
60,23,3,13,20016,FGUS 007,101,119
60,23,34,14,20016,FGUS 007,101,119
60,23,38,17,26429,FGUS 007,102,119
60,23,38,18,26429,FGUS 007,102,119
61,23,16,9,26434,FGUS 007,103,119
61,23,9,10,26434,FGUS 007,103,119
62,23,9,31,26437,FGUS 007,104,119
62,23,9,32,26437,FGUS 007,104,119
63,23,8,15,26441,FGUS 007,105,119
63,23,8,16,26441,FGUS 007,105,119
64,23,1,11,26443,FGUS 007,106,119
64,23,1,12,26443,FGUS 007,106,119
60,23,7,1,26457,FGUS 007,107,119
60,23,7,2,26457,FGUS 007,107,119
65,23,18,13,26461,FGUS 007,108,119
65,23,18,14,26461,FGUS 007,108,119
17,24,18,15,25259,ICCS 603,OO1,119
17,24,14,16,25259,ICCS 603,OO1,119
17,24,18,23,25259,ICCS 603,OO1,59
66,25,24,26,25276,ICCS 605,OO1,119
66,25,18,27,25276,ICCS 605,OO1,119
66,25,11,28,25276,ICCS 605,OO1,59
67,26,19,19,25237,ICCS 600,OO1,59
67,26,6,9,25237,ICCS 600,OO1,119
67,26,6,10,25237,ICCS 600,OO1,119
68,27,41,1,25873,ICCS 257,OO1,119
68,27,41,2,25873,ICCS 257,OO1,119
68,27,41,29,25873,ICCS 257,OO1,59
22,27,1,25,25880,ICCS 257,OO2,59
22,27,1,13,25880,ICCS 257,OO2,119
22,27,31,14,25880,ICCS 257,OO2,119
13,27,31,7,25886,ICCS 257,OO3,119
13,27,31,8,25886,ICCS 257,OO3,119
13,27,31,30,25886,ICCS 257,OO3,59
30,27,24,19,26045,ICCS 257,OO4,59
30,27,24,9,26045,ICCS 257,OO4,119
30,27,24,10,26045,ICCS 257,OO4,119
69,27,24,35,26049,ICCS 257,OO5,59
69,27,24,17,26049,ICCS 257,OO5,119
69,27,9,18,26049,ICCS 257,OO5,119
69,27,6,3,26056,ICCS 257,OO6,119
69,27,22,4,26056,ICCS 257,OO6,119
69,27,6,24,26056,ICCS 257,OO6,59
42,27,24,1,26059,ICCS 257,OO7,119
42,27,24,2,26059,ICCS 257,OO7,119
42,27,24,29,26059,ICCS 257,OO7,59
70,28,10,1,26097,ICCS 259,OO1,119
70,28,3,2,26097,ICCS 259,OO1,119
70,28,3,29,26097,ICCS 259,OO1,59
8,28,3,25,26103,ICCS 259,OO2,59
8,28,10,13,26103,ICCS 259,OO2,119
8,28,3,14,26103,ICCS 259,OO2,119
53,28,10,15,26108,ICCS 259,OO3,119
53,28,3,16,26108,ICCS 259,OO3,119
53,28,3,23,26108,ICCS 259,OO3,59
71,28,10,26,26115,ICCS 259,OO4,119
71,28,1,27,26115,ICCS 259,OO4,119
71,28,1,28,26115,ICCS 259,OO4,59
72,28,39,26,26118,ICCS 259,OO5,119
72,28,26,27,26118,ICCS 259,OO5,119
72,28,39,28,26118,ICCS 259,OO5,59
73,29,30,25,25764,CCOS 251,OO1,59
73,29,30,13,25764,CCOS 251,OO1,119
73,29,30,14,25764,CCOS 251,OO1,119
74,29,30,20,25769,CCOS 251,OO2,59
74,29,30,21,25769,CCOS 251,OO2,119
74,29,30,22,25769,CCOS 251,OO2,119
75,29,7,3,25777,CCOS 251,OO4,119
75,29,7,4,25777,CCOS 251,OO4,119
75,29,7,24,25777,CCOS 251,OO4,59
76,29,4,1,25782,CCOS 251,OO5,119
76,29,4,2,25782,CCOS 251,OO5,119
76,29,4,29,25782,CCOS 251,OO5,59
77,29,37,35,25808,CCOS 251,OO9,59
77,29,37,17,25808,CCOS 251,OO9,119
77,29,37,18,25808,CCOS 251,OO9,119
12,30,38,25,25065,CCOS 608,OO1,59
12,30,38,13,25065,CCOS 608,OO1,119
12,30,38,14,25065,CCOS 608,OO1,119
49,30,6,19,25071,CCOS 608,OO2,59
49,30,1,9,25071,CCOS 608,OO2,119
49,30,20,10,25071,CCOS 608,OO2,119
50,30,20,7,25079,CCOS 608,OO3,119
50,30,7,8,25079,CCOS 608,OO3,119
50,30,7,30,25079,CCOS 608,OO3,59
66,30,17,1,25088,CCOS 608,OO4,119
66,30,6,2,25088,CCOS 608,OO4,119
66,30,17,29,25088,CCOS 608,OO4,59
78,30,21,3,25096,CCOS 608,OO5,119
78,30,35,4,25096,CCOS 608,OO5,119
78,30,35,24,25096,CCOS 608,OO5,59
79,31,15,19,25581,ICCS 251,OO1,59
79,31,15,9,25581,ICCS 251,OO1,119
79,31,16,10,25581,ICCS 251,OO1,119
50,31,3,36,25584,ICCS 251,OO2,59
50,31,3,11,25584,ICCS 251,OO2,119
50,31,17,12,25584,ICCS 251,OO2,119
71,31,15,31,25589,ICCS 251,OO3,119
71,31,16,32,25589,ICCS 251,OO3,119
71,31,16,33,25589,ICCS 251,OO3,59
80,31,38,1,25609,ICCS 251,OO4,119
80,31,17,2,25609,ICCS 251,OO4,119
80,31,38,29,25609,ICCS 251,OO4,59
46,31,15,20,25622,ICCS 251,OO5,59
46,31,14,21,25622,ICCS 251,OO5,119
46,31,15,22,25622,ICCS 251,OO5,119
33,31,17,20,25628,ICCS 251,OO6,59
33,31,1,21,25628,ICCS 251,OO6,119
33,31,17,22,25628,ICCS 251,OO6,119
7,32,19,25,25642,ICCS 252,OO1,59
7,32,19,13,25642,ICCS 252,OO1,119
7,32,17,14,25642,ICCS 252,OO1,119
79,32,7,20,25646,ICCS 252,OO2,59
79,32,7,21,25646,ICCS 252,OO2,119
79,32,25,22,25646,ICCS 252,OO2,119
39,32,12,36,25650,ICCS 252,OO3,59
39,32,12,11,25650,ICCS 252,OO3,119
39,32,35,12,25650,ICCS 252,OO3,119
21,32,14,36,25655,ICCS 252,OO4,59
21,32,22,11,25655,ICCS 252,OO4,119
21,32,14,12,25655,ICCS 252,OO4,119
7,32,25,3,25660,ICCS 252,OO5,119
7,32,18,4,25660,ICCS 252,OO5,119
7,32,25,24,25660,ICCS 252,OO5,59
21,32,22,26,40200,ICCS 252,OO7,119
21,32,34,27,40200,ICCS 252,OO7,119
21,32,25,28,40200,ICCS 252,OO7,59
2,33,34,1,26133,IDDS 002,101,119
2,33,34,2,26133,IDDS 002,101,119
29,33,38,3,26140,IDDS 002,102,119
29,33,38,4,26140,IDDS 002,102,119
47,33,2,15,26147,IDDS 002,103,119
47,33,2,16,26147,IDDS 002,103,119
22,33,19,21,26149,IDDS 002,104,119
22,33,19,22,26149,IDDS 002,104,119
56,33,11,15,26156,IDDS 002,105,119
56,33,11,16,26156,IDDS 002,105,119
81,33,18,7,26162,IDDS 002,106,119
81,33,18,8,26162,IDDS 002,106,119
54,33,8,11,26170,IDDS 002,107,119
54,33,8,12,26170,IDDS 002,107,119
81,34,22,31,26292,CCOS 264,OO1,119
81,34,7,32,26292,CCOS 264,OO1,119
81,34,15,33,26292,CCOS 264,OO1,59
82,34,18,36,26303,CCOS 264,OO2,59
82,34,18,11,26303,CCOS 264,OO2,119
82,34,25,12,26303,CCOS 264,OO2,119
42,34,26,15,26315,CCOS 264,OO3,119
42,34,25,16,26315,CCOS 264,OO3,119
42,34,26,23,26315,CCOS 264,OO3,59
57,34,18,40,26324,CCOS 264,OO4,119
57,34,18,41,26324,CCOS 264,OO4,119
57,34,18,42,26324,CCOS 264,OO4,59
83,35,42,35,26124,ICCS 260,OO1,59
83,35,42,17,26124,ICCS 260,OO1,119
83,35,39,18,26124,ICCS 260,OO1,119
37,35,37,20,26127,ICCS 260,OO2,59
37,35,39,21,26127,ICCS 260,OO2,119
37,35,37,22,26127,ICCS 260,OO2,119
84,35,3,34,26131,ICCS 260,OO3,59
84,35,10,5,26131,ICCS 260,OO3,119
84,35,19,6,26131,ICCS 260,OO3,119
70,35,39,25,26139,ICCS 260,OO4,59
70,35,26,13,26139,ICCS 260,OO4,119
70,35,39,14,26139,ICCS 260,OO4,119
85,35,10,3,25030,ICCS 260,OO5,119
85,35,30,4,25030,ICCS 260,OO5,119
85,35,10,43,25030,ICCS 260,OO5,59
85,35,29,15,25070,ICCS 260,OO6,119
85,35,39,16,25070,ICCS 260,OO6,119
85,35,39,44,25070,ICCS 260,OO6,59
86,36,28,26,42762,ICCS 617,OO1,119
86,36,28,27,42762,ICCS 617,OO1,119
86,36,28,28,42762,ICCS 617,OO1,59
87,37,15,15,42763,ICCS 606,OO1,119
87,37,15,16,42763,ICCS 606,OO1,119
87,37,15,23,42763,ICCS 606,OO1,59
36,38,27,20,26438,ISCC 202,OO1,59
36,38,27,21,26438,ISCC 202,OO1,119
36,38,29,45,26438,ISCC 202,OO1,119
28,38,33,31,26475,ISCC 202,OO2,119
28,38,30,32,26475,ISCC 202,OO2,119
28,38,33,33,26475,ISCC 202,OO2,59
88,38,33,15,26480,ISCC 202,OO3,119
88,38,33,16,26480,ISCC 202,OO3,119
88,38,33,23,26480,ISCC 202,OO3,59
89,38,33,19,26486,ISCC 202,OO5,59
89,38,33,9,26486,ISCC 202,OO5,119
89,38,33,10,26486,ISCC 202,OO5,119
51,39,3,35,25813,CCOS 252,OO1,59
51,39,23,17,25813,CCOS 252,OO1,119
51,39,3,18,25813,CCOS 252,OO1,119
6,39,3,26,25825,CCOS 252,OO2,119
6,39,20,27,25825,CCOS 252,OO2,119
6,39,3,28,25825,CCOS 252,OO2,59
90,39,16,20,25830,CCOS 252,OO3,59
90,39,16,21,25830,CCOS 252,OO3,119
90,39,23,22,25830,CCOS 252,OO3,119
10,39,16,36,25836,CCOS 252,OO4,59
10,39,23,11,25836,CCOS 252,OO4,119
10,39,16,12,25836,CCOS 252,OO4,119
57,39,36,34,25852,CCOS 252,OO6,59
57,39,1,5,25852,CCOS 252,OO6,119
57,39,36,6,25852,CCOS 252,OO6,119
49,39,37,15,25861,CCOS 252,OO7,119
49,39,37,16,25861,CCOS 252,OO7,119
49,39,37,23,25861,CCOS 252,OO7,59
80,40,9,35,25910,CCOS 254,OO1,59
80,40,9,17,25910,CCOS 254,OO1,119
80,40,17,18,25910,CCOS 254,OO1,119
90,40,23,3,25914,CCOS 254,OO2,119
90,40,9,4,25914,CCOS 254,OO2,119
90,40,9,24,25914,CCOS 254,OO2,59
59,40,9,20,25921,CCOS 254,OO3,59
59,40,23,21,25921,CCOS 254,OO3,119
59,40,9,22,25921,CCOS 254,OO3,119
57,40,22,7,25923,CCOS 254,OO4,119
57,40,38,8,25923,CCOS 254,OO4,119
57,40,38,30,25923,CCOS 254,OO4,59
79,40,1,31,25927,CCOS 254,OO5,119
79,40,17,32,25927,CCOS 254,OO5,119
79,40,1,33,25927,CCOS 254,OO5,59
72,40,25,25,25937,CCOS 254,OO7,59
72,40,25,13,25937,CCOS 254,OO7,119
72,40,9,14,25937,CCOS 254,OO7,119
70,41,20,15,42765,ICCS 609,OO1,119
70,41,6,16,42765,ICCS 609,OO1,119
70,41,20,23,42765,ICCS 609,OO1,59
42,42,32,35,25804,ICCS 255,OO1,59
42,42,32,17,25804,ICCS 255,OO1,119
42,42,32,18,25804,ICCS 255,OO1,119
82,42,15,26,25811,ICCS 255,OO2,119
82,42,9,27,25811,ICCS 255,OO2,119
82,42,15,28,25811,ICCS 255,OO2,59
12,42,35,35,25814,ICCS 255,OO3,59
12,42,35,17,25814,ICCS 255,OO3,119
12,42,1,18,25814,ICCS 255,OO3,119
19,42,24,20,25824,ICCS 255,OO4,59
19,42,24,21,25824,ICCS 255,OO4,119
19,42,5,22,25824,ICCS 255,OO4,119
12,42,22,19,25828,ICCS 255,OO5,59
12,42,22,9,25828,ICCS 255,OO5,119
12,42,26,10,25828,ICCS 255,OO5,119
20,42,25,1,25833,ICCS 255,OO6,119
20,42,8,2,25833,ICCS 255,OO6,119
20,42,25,29,25833,ICCS 255,OO6,59
81,42,24,36,25839,ICCS 255,OO7,59
81,42,24,11,25839,ICCS 255,OO7,119
81,42,24,12,25839,ICCS 255,OO7,119
88,43,33,26,25761,ICCS 254,OO1,119
88,43,3,27,25761,ICCS 254,OO1,119
88,43,33,28,25761,ICCS 254,OO1,59
26,43,33,36,25763,ICCS 254,OO2,59
26,43,33,11,25763,ICCS 254,OO2,119
26,43,5,12,25763,ICCS 254,OO2,119
34,43,33,7,25773,ICCS 254,OO3,119
34,43,16,8,25773,ICCS 254,OO3,119
34,43,33,30,25773,ICCS 254,OO3,59
41,43,27,25,25781,ICCS 254,OO4,59
41,43,16,13,25781,ICCS 254,OO4,119
41,43,33,14,25781,ICCS 254,OO4,119
28,43,6,20,25784,ICCS 254,OO5,59
28,43,6,21,25784,ICCS 254,OO5,119
28,43,28,22,25784,ICCS 254,OO5,119
89,43,27,15,25793,ICCS 254,OO6,119
89,43,5,16,25793,ICCS 254,OO6,119
89,43,7,23,25793,ICCS 254,OO6,59
1,44,34,37,25283,ICCS 607,OO1,59
1,44,34,38,25283,ICCS 607,OO1,119
1,44,34,39,25283,ICCS 607,OO1,119
21,45,18,3,25294,ICCS 616,OO1,119
21,45,25,4,25294,ICCS 616,OO1,119
21,45,18,24,25294,ICCS 616,OO1,59
91,46,14,25,26333,CCOS 600,OO1,59
91,46,14,13,26333,CCOS 600,OO1,119
91,46,22,14,26333,CCOS 600,OO1,119
92,47,14,7,26376,ITIS 252,OO1,119
92,47,35,8,26376,ITIS 252,OO1,119
92,47,14,30,26376,ITIS 252,OO1,59
92,47,8,34,26369,ITIS 252,OO2,59
92,47,31,5,26369,ITIS 252,OO2,119
92,47,8,6,26369,ITIS 252,OO2,119
1,1,1,1,25966,IDDS 001,101,119
1,1,1,2,25966,IDDS 001,101,119
2,1,2,3,25978,IDDS 001,102,119
2,1,2,4,25978,IDDS 001,102,119
2,1,3,5,26005,IDDS 001,103,119
2,1,3,6,26005,IDDS 001,103,119
2,1,4,7,26030,IDDS 001,104,119
2,1,4,8,26030,IDDS 001,104,119
3,1,5,9,26065,IDDS 001,105,119
3,1,5,10,26065,IDDS 001,105,119
4,1,2,11,26082,IDDS 001,106,119
4,1,2,12,26082,IDDS 001,106,119
5,1,6,13,26104,IDDS 001,108,119
5,1,6,14,26104,IDDS 001,108,119
6,1,7,15,26119,IDDS 001,109,119
6,1,7,16,26119,IDDS 001,109,119
7,1,8,17,26125,IDDS 001,110,119
7,1,8,18,26125,IDDS 001,110,119
71,48,1,19,26552,ISTI 201,OO1,59
71,48,10,9,26552,ISTI 201,OO1,119
71,48,1,10,26552,ISTI 201,OO1,119
53,48,19,26,26416,ISTI 201,OO2,119
53,48,13,27,26416,ISTI 201,OO2,119
53,48,6,28,26416,ISTI 201,OO2,59
17,49,23,46,26321,ITIS 254,OO1,59
17,49,5,31,26321,ITIS 254,OO1,119
17,49,23,32,26321,ITIS 254,OO1,119
17,49,5,33,26321,ITIS 254,OO1,59
51,49,30,26,26302,ITIS 254,OO2,119
51,49,25,27,26302,ITIS 254,OO2,119
51,49,30,28,26302,ITIS 254,OO2,59
51,49,38,47,26302,ITIS 254,OO2,59
22,50,23,15,42766,ITIS 606,OO1,119
22,50,12,16,42766,ITIS 606,OO1,119
22,50,23,23,42766,ITIS 606,OO1,59
93,51,27,36,24612,ITIS 611,OO1,59
93,51,21,11,24612,ITIS 611,OO1,119
93,51,27,12,24612,ITIS 611,OO1,119
31,52,35,37,26278,ITIS 256,OO1,59
31,52,35,38,26278,ITIS 256,OO1,119
31,52,35,39,26278,ITIS 256,OO1,119
55,52,35,26,26272,ITIS 256,OO2,119
55,52,35,27,26272,ITIS 256,OO2,119
55,52,35,28,26272,ITIS 256,OO2,59
50,52,35,15,26263,ITIS 256,OO3,119
50,52,35,16,26263,ITIS 256,OO3,119
50,52,35,23,26263,ITIS 256,OO3,59
21,52,41,20,39803,ITIS 256,OO4,59
21,52,41,21,39803,ITIS 256,OO4,119
21,52,41,22,39803,ITIS 256,OO4,119
9,53,12,19,24661,ITIS 601,OO1,59
9,53,12,9,24661,ITIS 601,OO1,119
9,53,12,10,24661,ITIS 601,OO1,119
21,54,6,15,25691,ITIS 261,OO1,119
21,54,24,16,25691,ITIS 261,OO1,119
21,54,6,23,25691,ITIS 261,OO1,59
55,54,42,19,25679,ITIS 261,OO2,59
55,54,42,9,25679,ITIS 261,OO2,119
55,54,42,10,25679,ITIS 261,OO2,119
94,55,14,19,24645,ITIS 600,OO1,59
94,55,14,9,24645,ITIS 600,OO1,119
94,55,14,10,24645,ITIS 600,OO1,119
24,56,9,3,24592,ITIS 702,OO1,119
24,56,32,4,24592,ITIS 702,OO1,119
24,56,32,24,24592,ITIS 702,OO1,59
31,57,21,34,26408,ITIS 014,OO3,59
31,57,15,5,26408,ITIS 014,OO3,119
31,57,21,6,26408,ITIS 014,OO3,119
17,58,42,36,26200,ITIS 259,OO1,59
17,58,42,11,26200,ITIS 259,OO1,119
17,58,42,12,26200,ITIS 259,OO1,119
95,58,42,3,26193,ITIS 259,OO2,119
95,58,42,4,26193,ITIS 259,OO2,119
95,58,42,24,26193,ITIS 259,OO2,59
96,59,11,3,26360,ITIS 253,OO1,119
96,59,21,4,26360,ITIS 253,OO1,119
14,59,37,11,26353,ITIS 253,OO2,119
14,59,37,12,26353,ITIS 253,OO2,119
74,59,36,26,26329,ITIS 253,OO3,119
74,59,11,27,26329,ITIS 253,OO3,119
56,60,4,19,26439,ITIS 013,OO2,59
56,60,4,9,26439,ITIS 013,OO2,119
56,60,4,10,26439,ITIS 013,OO2,119
51,61,2,19,26547,ISTI 200,OO1,59
51,61,2,9,26547,ISTI 200,OO1,119
51,61,2,10,26547,ISTI 200,OO1,119
97,61,32,19,26549,ISTI 200,OO2,59
97,61,32,9,26549,ISTI 200,OO2,119
97,61,32,10,26549,ISTI 200,OO2,119
98,62,17,7,40507,ITIS 608,OO1,119
98,62,17,8,40507,ITIS 608,OO1,119
98,62,17,30,40507,ITIS 608,OO1,59
36,63,24,15,26389,ITIS 251,OO1,119
36,63,4,16,26389,ITIS 251,OO1,119
36,63,24,23,26389,ITIS 251,OO1,59
88,63,41,19,26383,ITIS 251,OO2,59
88,63,41,9,26383,ITIS 251,OO2,119
88,63,41,10,26383,ITIS 251,OO2,119
99,64,17,34,24630,ITIS 604,OO1,59
99,64,17,5,24630,ITIS 604,OO1,119
99,64,9,6,24630,ITIS 604,OO1,119
21,65,20,31,26425,ISTI 202,OO1,119
21,65,4,32,26425,ISTI 202,OO1,119
21,65,26,33,26425,ISTI 202,OO1,59
21,65,35,25,26433,ISTI 202,OO2,59
21,65,4,13,26433,ISTI 202,OO2,119
21,65,21,14,26433,ISTI 202,OO2,119
82,66,4,25,24619,ITIS 607,OO1,59
82,66,36,13,24619,ITIS 607,OO1,119
82,66,4,14,24619,ITIS 607,OO1,119
60,23,3,13,20016,FGUS 007,101,119
60,23,34,14,20016,FGUS 007,101,119
60,23,38,17,26429,FGUS 007,102,119
60,23,38,18,26429,FGUS 007,102,119
61,23,16,9,26434,FGUS 007,103,119
61,23,9,10,26434,FGUS 007,103,119
62,23,9,31,26437,FGUS 007,104,119
62,23,9,32,26437,FGUS 007,104,119
63,23,8,15,26441,FGUS 007,105,119
63,23,8,16,26441,FGUS 007,105,119
64,23,1,11,26443,FGUS 007,106,119
64,23,1,12,26443,FGUS 007,106,119
60,23,7,1,26457,FGUS 007,107,119
60,23,7,2,26457,FGUS 007,107,119
65,23,18,13,26461,FGUS 007,108,119
65,23,18,14,26461,FGUS 007,108,119
22,67,28,36,24586,ITIS 703,OO1,59
22,67,28,11,24586,ITIS 703,OO1,119
22,67,12,12,24586,ITIS 703,OO1,119
99,68,38,31,26560,ITIS 012,OO2,119
99,68,38,32,26560,ITIS 012,OO2,119
99,68,38,33,26560,ITIS 012,OO2,59
73,68,37,3,26563,ITIS 012,OO3,119
73,68,37,4,26563,ITIS 012,OO3,119
73,68,37,24,26563,ITIS 012,OO3,59
82,69,16,31,26215,ITIS 258,OO1,119
82,69,25,32,26215,ITIS 258,OO1,119
82,69,25,33,26215,ITIS 258,OO1,59
68,69,25,35,26210,ITIS 258,OO2,59
68,69,25,17,26210,ITIS 258,OO2,119
68,69,25,18,26210,ITIS 258,OO2,119
78,69,4,15,26205,ITIS 258,OO3,119
78,69,31,16,26205,ITIS 258,OO3,119
78,69,4,23,26205,ITIS 258,OO3,59
23,70,25,19,26236,ITIS 257,OO1,59
23,70,25,9,26236,ITIS 257,OO1,119
23,70,8,10,26236,ITIS 257,OO1,119
46,70,7,26,26230,ITIS 257,OO2,119
46,70,24,27,26230,ITIS 257,OO2,119
46,70,24,28,26230,ITIS 257,OO2,59
24,70,17,15,26222,ITIS 257,OO3,119
24,70,34,16,26222,ITIS 257,OO3,119
24,70,34,23,26222,ITIS 257,OO3,59
100,71,11,40,26471,ISTI 203,OO1,119
100,71,11,41,26471,ISTI 203,OO1,119
100,71,11,42,26471,ISTI 203,OO1,59
72,71,36,3,42739,ISTI 203,OO2,119
72,71,36,4,42739,ISTI 203,OO2,119
72,71,36,24,42739,ISTI 203,OO2,59
2,33,34,1,26133,IDDS 002,101,119
2,33,34,2,26133,IDDS 002,101,119
29,33,38,3,26140,IDDS 002,102,119
29,33,38,4,26140,IDDS 002,102,119
47,33,2,15,26147,IDDS 002,103,119
47,33,2,16,26147,IDDS 002,103,119
22,33,19,21,26149,IDDS 002,104,119
22,33,19,22,26149,IDDS 002,104,119
56,33,11,15,26156,IDDS 002,105,119
56,33,11,16,26156,IDDS 002,105,119
81,33,18,7,26162,IDDS 002,106,119
81,33,18,8,26162,IDDS 002,106,119
54,33,8,11,26170,IDDS 002,107,119
54,33,8,12,26170,IDDS 002,107,119
101,72,30,3,26077,"CCOS
260",OO1,119
101,72,39,4,26077,"CCOS
260",OO1,119
101,72,30,24,26077,"CCOS
260",OO1,59
83,72,29,1,26086,"CCOS
260",OO2,119
83,72,39,2,26086,"CCOS
260",OO2,119
83,72,29,29,26086,"CCOS
260",OO2,59
9,73,5,26,26405,ITIS 250,OO1,119
9,73,10,27,26405,ITIS 250,OO1,119
9,73,10,28,26405,ITIS 250,OO1,59
37,73,41,26,26399,ITIS 250,OO2,119
37,73,30,27,26399,ITIS 250,OO2,119
37,73,41,28,26399,ITIS 250,OO2,59
40,74,36,36,25714,ITIS 260,OO1,59
40,74,36,11,25714,ITIS 260,OO1,119
40,74,36,12,25714,ITIS 260,OO1,119
69,74,17,25,25702,ITIS 260,OO2,59
69,74,17,13,25702,ITIS 260,OO2,119
69,74,14,14,25702,ITIS 260,OO2,119
40,75,14,20,26298,ITIS 255,OO1,59
40,75,17,21,26298,ITIS 255,OO1,119
40,75,14,22,26298,ITIS 255,OO1,119
97,75,24,3,26290,ITIS 255,OO2,119
97,75,24,4,26290,ITIS 255,OO2,119
97,75,21,24,26290,ITIS 255,OO2,59
24,75,22,20,26282,ITIS 255,OO3,59
24,75,22,21,26282,ITIS 255,OO3,119
24,75,3,22,26282,ITIS 255,OO3,119
39,76,12,40,24608,ITIS 612,OO1,119
39,76,12,41,24608,ITIS 612,OO1,119
39,76,12,42,24608,ITIS 612,OO1,59
52,77,42,31,26454,ISTI 204,OO1,119
52,77,42,32,26454,ISTI 204,OO1,119
52,77,42,33,26454,ISTI 204,OO1,59
94,77,15,35,26463,ISTI 204,OO2,59
94,77,15,17,26463,ISTI 204,OO2,119
94,77,6,18,26463,ISTI 204,OO2,119
24,77,19,31,26487,ISTI 204,OO3,119
24,77,19,32,26487,ISTI 204,OO3,119
24,77,19,33,26487,ISTI 204,OO3,59
1,1,1,1,25966,IDDS 001,101,119
1,1,1,2,25966,IDDS 001,101,119
2,1,2,3,25978,IDDS 001,102,119
2,1,2,4,25978,IDDS 001,102,119
2,1,3,5,26005,IDDS 001,103,119
2,1,3,6,26005,IDDS 001,103,119
2,1,4,7,26030,IDDS 001,104,119
2,1,4,8,26030,IDDS 001,104,119
3,1,5,9,26065,IDDS 001,105,119
3,1,5,10,26065,IDDS 001,105,119
4,1,2,11,26082,IDDS 001,106,119
4,1,2,12,26082,IDDS 001,106,119
5,1,6,13,26104,IDDS 001,108,119
5,1,6,14,26104,IDDS 001,108,119
6,1,7,15,26119,IDDS 001,109,119
6,1,7,16,26119,IDDS 001,109,119
7,1,8,17,26125,IDDS 001,110,119
7,1,8,18,26125,IDDS 001,110,119
10,3,14,3,42753,ISCO 201,O1O,119
10,3,15,4,42753,ISCO 201,O1O,119
10,3,15,24,42753,ISCO 201,O1O,59
11,3,5,25,26508,ISCO 201,OO1,59
11,3,5,13,26508,ISCO 201,OO1,119
11,3,5,14,26508,ISCO 201,OO1,119
12,3,16,3,26535,ISCO 201,OO2,119
12,3,16,4,26535,ISCO 201,OO2,119
12,3,16,24,26535,ISCO 201,OO2,59
13,3,16,15,26540,ISCO 201,OO3,119
13,3,16,16,26540,ISCO 201,OO3,119
13,3,16,23,26540,ISCO 201,OO3,59
14,3,16,26,26546,ISCO 201,OO4,119
14,3,16,27,26546,ISCO 201,OO4,119
14,3,16,28,26546,ISCO 201,OO4,59
15,3,17,26,26553,ISCO 201,OO5,119
15,3,8,27,26553,ISCO 201,OO5,119
15,3,8,28,26553,ISCO 201,OO5,59
16,3,9,1,26558,ISCO 201,OO6,119
16,3,9,2,26558,ISCO 201,OO6,119
16,3,9,29,26558,ISCO 201,OO6,59
17,3,18,20,26565,ISCO 201,OO7,59
17,3,18,21,26565,ISCO 201,OO7,119
17,3,18,22,26565,ISCO 201,OO7,119
18,3,19,1,26570,ISCO 201,OO8,119
18,3,20,2,26570,ISCO 201,OO8,119
18,3,19,29,26570,ISCO 201,OO8,59
19,3,21,7,26574,ISCO 201,OO9,119
19,3,21,8,26574,ISCO 201,OO9,119
19,3,21,30,26574,ISCO 201,OO9,59
20,4,22,3,25104,CCOS 609,OO1,119
20,4,3,4,25104,CCOS 609,OO1,119
20,4,22,24,25104,CCOS 609,OO1,59
21,4,17,19,25114,CCOS 609,OO2,59
21,4,19,9,25114,CCOS 609,OO2,119
21,4,17,10,25114,CCOS 609,OO2,119
22,4,23,31,25126,CCOS 609,OO3,119
22,4,5,32,25126,CCOS 609,OO3,119
22,4,23,33,25126,CCOS 609,OO3,59
23,5,1,26,25245,CCOS 701,OO1,119
23,5,22,27,25245,CCOS 701,OO1,119
23,5,22,28,25245,CCOS 701,OO1,59
23,6,24,25,25182,CCOS 700,OO1,59
23,6,24,13,25182,CCOS 700,OO1,119
23,6,24,14,25182,CCOS 700,OO1,119
24,6,11,26,25223,CCOS 700,OO2,119
24,6,17,27,25223,CCOS 700,OO2,119
24,6,17,28,25223,CCOS 700,OO2,59
15,6,25,34,25236,CCOS 700,OO3,59
15,6,25,5,25236,CCOS 700,OO3,119
15,6,5,6,25236,CCOS 700,OO3,119
88,78,20,20,26050,CCOS 259,OO1,59
88,78,33,21,26050,CCOS 259,OO1,119
88,78,33,22,26050,CCOS 259,OO1,119
34,78,28,1,26062,CCOS 259,OO2,119
34,78,38,2,26062,CCOS 259,OO2,119
34,78,28,29,26062,CCOS 259,OO2,59
89,78,12,20,26067,CCOS 259,OO3,59
89,78,28,21,26067,CCOS 259,OO3,119
89,78,12,22,26067,CCOS 259,OO3,119
102,79,31,19,26257,CCOS 262,OO1,59
102,79,31,9,26257,CCOS 262,OO1,119
102,79,31,10,26257,CCOS 262,OO1,119
92,79,31,36,26275,CCOS 262,OO2,59
92,79,31,11,26275,CCOS 262,OO2,119
92,79,38,12,26275,CCOS 262,OO2,119
32,80,31,3,26355,CCOS 602,OO1,119
32,80,1,4,26355,CCOS 602,OO1,119
32,80,31,24,26355,CCOS 602,OO1,59
28,81,27,34,23473,CCOS 011,OO1,59
28,81,16,5,23473,CCOS 011,OO1,119
28,81,27,6,23473,CCOS 011,OO1,119
1,81,33,35,25433,CCOS 011,OO3,59
1,81,33,17,25433,CCOS 011,OO3,119
1,81,34,18,25433,CCOS 011,OO3,119
36,81,4,31,40272,CCOS 011,OO4,119
36,81,27,32,40272,CCOS 011,OO4,119
36,81,4,33,40272,CCOS 011,OO4,59
89,82,33,3,25665,CCOS 250,OO1,119
89,82,33,4,25665,CCOS 250,OO1,119
89,82,38,24,25665,CCOS 250,OO1,59
28,82,27,7,25676,CCOS 250,OO2,119
28,82,34,8,25676,CCOS 250,OO2,119
28,82,34,30,25676,CCOS 250,OO2,59
84,83,5,7,25176,CCOS 616,OO1,119
84,83,25,8,25176,CCOS 616,OO1,119
84,83,25,30,25176,CCOS 616,OO1,59
14,84,38,15,26006,CCOS 257,OO1,119
14,84,22,16,26006,CCOS 257,OO1,119
14,84,38,23,26006,CCOS 257,OO1,59
103,84,35,19,26017,CCOS 257,OO2,59
103,84,35,9,26017,CCOS 257,OO2,119
103,84,38,10,26017,CCOS 257,OO2,119
101,85,33,25,26364,CCOS 604,OO1,59
101,85,33,13,26364,CCOS 604,OO1,119
101,85,16,14,26364,CCOS 604,OO1,119
46,15,36,19,25627,CCOS 013,O11,59
46,15,36,9,25627,CCOS 013,O11,119
46,15,37,10,25627,CCOS 013,O11,119
3,15,5,35,25561,CCOS 013,OO2,59
3,15,5,17,25561,CCOS 013,OO2,119
3,15,35,18,25561,CCOS 013,OO2,119
47,15,3,3,25565,CCOS 013,OO3,119
47,15,23,4,25565,CCOS 013,OO3,119
47,15,3,24,25565,CCOS 013,OO3,59
48,15,5,15,25588,CCOS 013,OO5,119
48,15,23,16,25588,CCOS 013,OO5,119
48,15,5,23,25588,CCOS 013,OO5,59
19,15,29,36,25600,CCOS 013,OO7,59
19,15,29,11,25600,CCOS 013,OO7,119
19,15,23,12,25600,CCOS 013,OO7,119
15,15,35,3,25604,CCOS 013,OO8,119
15,15,34,4,25604,CCOS 013,OO8,119
15,15,8,24,25604,CCOS 013,OO8,59
23,86,4,3,25939,CCOS 255,OO1,119
23,86,20,4,25939,CCOS 255,OO1,119
23,86,4,24,25939,CCOS 255,OO1,59
14,86,25,20,25974,CCOS 255,OO2,59
14,86,25,21,25974,CCOS 255,OO2,119
14,86,6,22,25974,CCOS 255,OO2,119
19,16,24,31,26226,CCOS 261,O1O,119
19,16,29,32,26226,CCOS 261,O1O,119
19,16,24,33,26226,CCOS 261,O1O,59
48,16,4,20,26137,CCOS 261,OO2,59
48,16,20,21,26137,CCOS 261,OO2,119
48,16,4,22,26137,CCOS 261,OO2,119
49,16,4,26,26142,CCOS 261,OO3,119
49,16,15,27,26142,CCOS 261,OO3,119
49,16,4,28,26142,CCOS 261,OO3,59
48,16,30,31,26159,CCOS 261,OO4,119
48,16,15,32,26159,CCOS 261,OO4,119
48,16,30,33,26159,CCOS 261,OO4,59
13,16,15,36,26183,CCOS 261,OO6,59
13,16,15,11,26183,CCOS 261,OO6,119
13,16,7,12,26183,CCOS 261,OO6,119
50,16,23,34,26199,CCOS 261,OO7,59
50,16,23,5,26199,CCOS 261,OO7,119
50,16,6,6,26199,CCOS 261,OO7,119
51,17,5,1,26492,ISCO 200,OO1,119
51,17,5,2,26492,ISCO 200,OO1,119
51,17,5,29,26492,ISCO 200,OO1,59
52,17,5,3,26497,ISCO 200,OO2,119
52,17,5,4,26497,ISCO 200,OO2,119
52,17,5,24,26497,ISCO 200,OO2,59
53,17,2,20,26502,ISCO 200,OO3,59
53,17,2,21,26502,ISCO 200,OO3,119
53,17,2,22,26502,ISCO 200,OO3,119
31,17,2,31,26511,ISCO 200,OO4,119
31,17,2,32,26511,ISCO 200,OO4,119
31,17,2,33,26511,ISCO 200,OO4,59
54,17,5,20,26516,ISCO 200,OO5,59
54,17,9,21,26516,ISCO 200,OO5,119
54,17,24,22,26516,ISCO 200,OO5,119
31,17,38,40,26522,ISCO 200,OO6,119
31,17,38,41,26522,ISCO 200,OO6,119
31,17,38,42,26522,ISCO 200,OO6,59
52,17,11,25,26527,ISCO 200,OO7,59
52,17,11,13,26527,ISCO 200,OO7,119
52,17,11,14,26527,ISCO 200,OO7,119
55,18,26,31,26337,CCOS 601,OO1,119
55,18,24,32,26337,CCOS 601,OO1,119
55,18,20,33,26337,CCOS 601,OO1,59
100,87,17,35,26027,CCOS 258,OO1,59
100,87,17,17,26027,CCOS 258,OO1,119
100,87,5,18,26027,CCOS 258,OO1,119
99,87,36,15,26038,CCOS 258,OO2,119
99,87,18,16,26038,CCOS 258,OO2,119
99,87,36,23,26038,CCOS 258,OO2,59
20,19,18,25,26377,CCOS 607,OO1,59
20,19,22,13,26377,CCOS 607,OO1,119
20,19,1,14,26377,CCOS 607,OO1,119
56,19,9,26,26384,CCOS 607,OO2,119
56,19,23,27,26384,CCOS 607,OO2,119
56,19,9,28,26384,CCOS 607,OO2,59
13,19,24,34,25054,CCOS 607,OO3,59
13,19,18,5,25054,CCOS 607,OO3,119
13,19,24,6,25054,CCOS 607,OO3,119
60,23,3,13,20016,FGUS 007,101,119
60,23,34,14,20016,FGUS 007,101,119
60,23,38,17,26429,FGUS 007,102,119
60,23,38,18,26429,FGUS 007,102,119
61,23,16,9,26434,FGUS 007,103,119
61,23,9,10,26434,FGUS 007,103,119
62,23,9,31,26437,FGUS 007,104,119
62,23,9,32,26437,FGUS 007,104,119
63,23,8,15,26441,FGUS 007,105,119
63,23,8,16,26441,FGUS 007,105,119
64,23,1,11,26443,FGUS 007,106,119
64,23,1,12,26443,FGUS 007,106,119
60,23,7,1,26457,FGUS 007,107,119
60,23,7,2,26457,FGUS 007,107,119
65,23,18,13,26461,FGUS 007,108,119
65,23,18,14,26461,FGUS 007,108,119
103,88,22,15,25635,CCOS 014,OO1,119
103,88,26,16,25635,CCOS 014,OO1,119
103,88,22,23,25635,CCOS 014,OO1,59
104,88,20,3,25659,CCOS 014,OO2,119
104,88,26,4,25659,CCOS 014,OO2,119
104,88,26,24,25659,CCOS 014,OO2,59
75,89,38,20,24521,CCOS 012,OO1,59
75,89,38,21,24521,CCOS 012,OO1,119
75,89,38,22,24521,CCOS 012,OO1,119
104,89,34,19,24522,CCOS 012,OO2,59
104,89,34,9,24522,CCOS 012,OO2,119
104,89,34,10,24522,CCOS 012,OO2,119
68,27,41,1,25873,ICCS 257,OO1,119
68,27,41,2,25873,ICCS 257,OO1,119
68,27,41,29,25873,ICCS 257,OO1,59
22,27,1,25,25880,ICCS 257,OO2,59
22,27,1,13,25880,ICCS 257,OO2,119
22,27,31,14,25880,ICCS 257,OO2,119
13,27,31,7,25886,ICCS 257,OO3,119
13,27,31,8,25886,ICCS 257,OO3,119
13,27,31,30,25886,ICCS 257,OO3,59
30,27,24,19,26045,ICCS 257,OO4,59
30,27,24,9,26045,ICCS 257,OO4,119
30,27,24,10,26045,ICCS 257,OO4,119
69,27,24,35,26049,ICCS 257,OO5,59
69,27,24,17,26049,ICCS 257,OO5,119
69,27,9,18,26049,ICCS 257,OO5,119
69,27,6,3,26056,ICCS 257,OO6,119
69,27,22,4,26056,ICCS 257,OO6,119
69,27,6,24,26056,ICCS 257,OO6,59
42,27,24,1,26059,ICCS 257,OO7,119
42,27,24,2,26059,ICCS 257,OO7,119
42,27,24,29,26059,ICCS 257,OO7,59
73,29,30,25,25764,CCOS 251,OO1,59
73,29,30,13,25764,CCOS 251,OO1,119
73,29,30,14,25764,CCOS 251,OO1,119
74,29,30,20,25769,CCOS 251,OO2,59
74,29,30,21,25769,CCOS 251,OO2,119
74,29,30,22,25769,CCOS 251,OO2,119
75,29,7,3,25777,CCOS 251,OO4,119
75,29,7,4,25777,CCOS 251,OO4,119
75,29,7,24,25777,CCOS 251,OO4,59
76,29,4,1,25782,CCOS 251,OO5,119
76,29,4,2,25782,CCOS 251,OO5,119
76,29,4,29,25782,CCOS 251,OO5,59
77,29,37,35,25808,CCOS 251,OO9,59
77,29,37,17,25808,CCOS 251,OO9,119
77,29,37,18,25808,CCOS 251,OO9,119
12,30,38,25,25065,CCOS 608,OO1,59
12,30,38,13,25065,CCOS 608,OO1,119
12,30,38,14,25065,CCOS 608,OO1,119
49,30,6,19,25071,CCOS 608,OO2,59
49,30,1,9,25071,CCOS 608,OO2,119
49,30,20,10,25071,CCOS 608,OO2,119
50,30,20,7,25079,CCOS 608,OO3,119
50,30,7,8,25079,CCOS 608,OO3,119
50,30,7,30,25079,CCOS 608,OO3,59
66,30,17,1,25088,CCOS 608,OO4,119
66,30,6,2,25088,CCOS 608,OO4,119
66,30,17,29,25088,CCOS 608,OO4,59
78,30,21,3,25096,CCOS 608,OO5,119
78,30,35,4,25096,CCOS 608,OO5,119
78,30,35,24,25096,CCOS 608,OO5,59
10,90,23,25,25143,CCOS 613,OO1,59
10,90,23,13,25143,CCOS 613,OO1,119
10,90,2,14,25143,CCOS 613,OO1,119
17,90,11,40,25155,CCOS 613,OO2,119
17,90,11,41,25155,CCOS 613,OO2,119
17,90,11,42,25155,CCOS 613,OO2,59
90,91,2,25,25876,CCOS 253,OO1,59
90,91,2,13,25876,CCOS 253,OO1,119
90,91,23,14,25876,CCOS 253,OO1,119
55,91,14,15,25884,CCOS 253,OO2,119
55,91,20,16,25884,CCOS 253,OO2,119
55,91,14,23,25884,CCOS 253,OO2,59
91,91,20,19,25892,CCOS 253,OO3,59
91,91,20,9,25892,CCOS 253,OO3,119
91,91,22,10,25892,CCOS 253,OO3,119
11,92,18,19,42761,CCOS 615,OO1,59
11,92,18,9,42761,CCOS 615,OO1,119
11,92,23,10,42761,CCOS 615,OO1,119
55,93,32,20,25981,CCOS 256,OO1,59
55,93,32,21,25981,CCOS 256,OO1,119
55,93,32,22,25981,CCOS 256,OO1,119
49,93,8,25,25992,CCOS 256,OO2,59
49,93,8,13,25992,CCOS 256,OO2,119
49,93,41,14,25992,CCOS 256,OO2,119
71,93,9,36,25998,CCOS 256,OO3,59
71,93,25,11,25998,CCOS 256,OO3,119
71,93,9,12,25998,CCOS 256,OO3,119
21,93,22,26,40210,CCOS 256,OO4,119
21,93,34,27,40210,CCOS 256,OO4,119
21,93,25,28,40210,CCOS 256,OO4,59
2,33,34,1,26133,IDDS 002,101,119
2,33,34,2,26133,IDDS 002,101,119
29,33,38,3,26140,IDDS 002,102,119
29,33,38,4,26140,IDDS 002,102,119
47,33,2,15,26147,IDDS 002,103,119
47,33,2,16,26147,IDDS 002,103,119
22,33,19,21,26149,IDDS 002,104,119
22,33,19,22,26149,IDDS 002,104,119
56,33,11,15,26156,IDDS 002,105,119
56,33,11,16,26156,IDDS 002,105,119
81,33,18,7,26162,IDDS 002,106,119
81,33,18,8,26162,IDDS 002,106,119
54,33,8,11,26170,IDDS 002,107,119
54,33,8,12,26170,IDDS 002,107,119
81,34,22,31,26292,CCOS 264,OO1,119
81,34,7,32,26292,CCOS 264,OO1,119
81,34,15,33,26292,CCOS 264,OO1,59
82,34,18,36,26303,CCOS 264,OO2,59
82,34,18,11,26303,CCOS 264,OO2,119
82,34,25,12,26303,CCOS 264,OO2,119
42,34,26,15,26315,CCOS 264,OO3,119
42,34,25,16,26315,CCOS 264,OO3,119
42,34,26,23,26315,CCOS 264,OO3,59
57,34,18,40,26324,CCOS 264,OO4,119
57,34,18,41,26324,CCOS 264,OO4,119
57,34,18,42,26324,CCOS 264,OO4,59
105,94,13,3,42759,CCOS 603,OO1,119
105,94,13,4,42759,CCOS 603,OO1,119
105,94,13,24,42759,CCOS 603,OO1,59
101,95,30,3,26077,CCOS 260,OO1,119
101,95,39,4,26077,CCOS 260,OO1,119
101,95,30,24,26077,CCOS 260,OO1,59
83,95,29,1,26086,CCOS 260,OO2,119
83,95,39,2,26086,CCOS 260,OO2,119
83,95,29,29,26086,CCOS 260,OO2,59
84,96,21,31,26285,CCOS 263,OO1,119
84,96,10,32,26285,CCOS 263,OO1,119
84,96,10,33,26285,CCOS 263,OO1,59
95,96,39,37,42743,CCOS 263,OO2,59
95,96,39,38,42743,CCOS 263,OO2,119
95,96,39,39,42743,CCOS 263,OO2,119
51,39,3,35,25813,CCOS 252,OO1,59
51,39,23,17,25813,CCOS 252,OO1,119
51,39,3,18,25813,CCOS 252,OO1,119
6,39,3,26,25825,CCOS 252,OO2,119
6,39,20,27,25825,CCOS 252,OO2,119
6,39,3,28,25825,CCOS 252,OO2,59
90,39,16,20,25830,CCOS 252,OO3,59
90,39,16,21,25830,CCOS 252,OO3,119
90,39,23,22,25830,CCOS 252,OO3,119
10,39,16,36,25836,CCOS 252,OO4,59
10,39,23,11,25836,CCOS 252,OO4,119
10,39,16,12,25836,CCOS 252,OO4,119
57,39,36,34,25852,CCOS 252,OO6,59
57,39,1,5,25852,CCOS 252,OO6,119
57,39,36,6,25852,CCOS 252,OO6,119
49,39,37,15,25861,CCOS 252,OO7,119
49,39,37,16,25861,CCOS 252,OO7,119
49,39,37,23,25861,CCOS 252,OO7,59
80,40,9,35,25910,CCOS 254,OO1,59
80,40,9,17,25910,CCOS 254,OO1,119
80,40,17,18,25910,CCOS 254,OO1,119
90,40,23,3,25914,CCOS 254,OO2,119
90,40,9,4,25914,CCOS 254,OO2,119
90,40,9,24,25914,CCOS 254,OO2,59
59,40,9,20,25921,CCOS 254,OO3,59
59,40,23,21,25921,CCOS 254,OO3,119
59,40,9,22,25921,CCOS 254,OO3,119
57,40,22,7,25923,CCOS 254,OO4,119
57,40,38,8,25923,CCOS 254,OO4,119
57,40,38,30,25923,CCOS 254,OO4,59
79,40,1,31,25927,CCOS 254,OO5,119
79,40,17,32,25927,CCOS 254,OO5,119
79,40,1,33,25927,CCOS 254,OO5,59
72,40,25,25,25937,CCOS 254,OO7,59
72,40,25,13,25937,CCOS 254,OO7,119
72,40,9,14,25937,CCOS 254,OO7,119
91,46,14,25,26333,CCOS 600,OO1,59
91,46,14,13,26333,CCOS 600,OO1,119
91,46,22,14,26333,CCOS 600,OO1,119
